,name_x,NIDN,id,department_x,name_y,url,affiliation,department_y,areas,score,rank,scopus,scholar,wos,sinta,books,ipr,Instansi
0,Adi Pancoro,19055904,6034881,46201,ADI PANCORO,http://sinta.ristekbrin.go.id/authors/detail?id=6034881&view=overview,"{'id': '379', 'name': 'Institut Teknologi Bandung', 'url': 'http://sinta.ristekbrin.go.id/affiliations/detail/?id=379&view=overview'}",,"['biology', 'genetics']","{'overall': 29.29, '3_years': 3.57, 'overall_v2': 2708.5, '3_years_v2': 422.5}","{'national': 1825, '3_years_national': 8041, 'affiliation': 152, '3_years_affiliation': 306}","{'documents': 34, 'citations': 187, 'h-index': 5, 'i10-index': 2, 'g-index': 1, 'articles': 23, 'conferences': 9, 'others': 2, 'Q1': 6, 'Q2': 2, 'Q3': 9, 'Q4': 15, 'undefined': 5}","{'documents': 140, 'citations': 494, 'h-index': 9, 'i10-index': 7, 'g-index': 1}","{'documents': 2, 'citations': None, 'h-index': None, 'i10-index': None, 'g-index': None}","{'S0': 1, 'S1': 1, 'S2': 0, 'S3': 0, 'S4': 0, 'S5': 0, 'uncategorized': 137}",0,3,Institut Teknologi Bandung
1,Aep Supriyadi,9016101,6035303,,AEP SUPRIYADI,http://sinta.ristekbrin.go.id/authors/detail?id=6035303&view=overview,"{'id': '379', 'name': 'Institut Teknologi Bandung', 'url': 'http://sinta.ristekbrin.go.id/affiliations/detail/?id=379&view=overview'}",,['Agroteknologi Teknologi Bioproduk'],"{'overall': 0.39, '3_years': 0.39, 'overall_v2': 30.0, '3_years_v2': 30.0}","{'national': 106407, '3_years_national': 84803, 'affiliation': 1399, '3_years_affiliation': 1234}","{'documents': 1, 'citations': 0, 'h-index': 0, 'i10-index': 0, 'g-index': 1, 'articles': 1, 'conferences': 0, 'others': 0, 'Q1': 0, 'Q2': 0, 'Q3': 0, 'Q4': 1, 'undefined': 0}","{'documents': 1, 'citations': 0, 'h-index': 0, 'i10-index': 0, 'g-index': 0}","{'documents': 0, 'citations': None, 'h-index': None, 'i10-index': None, 'g-index': None}","{'S0': 0, 'S1': 0, 'S2': 0, 'S3': 0, 'S4': 0, 'S5': 0, 'uncategorized': 1}",0,0,Institut Teknologi Bandung
2,Agus Dana Permana,22085804,5990755,46201,AGUS DANA PERMANA,http://sinta.ristekbrin.go.id/authors/detail?id=5990755&view=overview,"{'id': '379', 'name': 'Institut Teknologi Bandung', 'url': 'http://sinta.ristekbrin.go.id/affiliations/detail/?id=379&view=overview'}",School of Life Sciences and Technology,"['Biologi', 'Entomologi', 'Pertanian']","{'overall': 9.29, '3_years': 1.23, 'overall_v2': 833.0, '3_years_v2': 345.0}","{'national': 9069, '3_years_national': 10577, 'affiliation': 547, '3_years_affiliation': 382}","{'documents': 12, 'citations': 42, 'h-index': 4, 'i10-index': 0, 'g-index': 1, 'articles': 8, 'conferences': 4, 'others': 0, 'Q1': 0, 'Q2': 2, 'Q3': 5, 'Q4': 5, 'undefined': 0}","{'documents': 122, 'citations': 268, 'h-index': 10, 'i10-index': 11, 'g-index': 14}","{'documents': 1, 'citations': None, 'h-index': None, 'i10-index': None, 'g-index': None}","{'S0': 0, 'S1': 0, 'S2': 3, 'S3': 3, 'S4': 0, 'S5': 0, 'uncategorized': 116}",0,5,Institut Teknologi Bandung
3,Agustania,11085908,6035644,,AGUSTANIA,http://sinta.ristekbrin.go.id/authors/detail?id=6035644&view=overview,"{'id': '379', 'name': 'Institut Teknologi Bandung', 'url': 'http://sinta.ristekbrin.go.id/affiliations/detail/?id=379&view=overview'}",,['Manajemen Sumber Daya Hayati'],"{'overall': 0.0, '3_years': 0.0, 'overall_v2': 0.0, '3_years_v2': 0.0}","{'national': 178247, '3_years_national': 177344, 'affiliation': 1512, '3_years_affiliation': 1506}","{'documents': 0, 'citations': 0, 'h-index': 0, 'i10-index': 0, 'g-index': 0, 'articles': 0, 'conferences': 0, 'others': 0, 'Q1': 0, 'Q2': 0, 'Q3': 0, 'Q4': 0, 'undefined': 0}","{'documents': 1, 'citations': 0, 'h-index': 0, 'i10-index': 0, 'g-index': 0}","{'documents': 0, 'citations': None, 'h-index': None, 'i10-index': None, 'g-index': None}","{'S0': 0, 'S1': 0, 'S2': 0, 'S3': 0, 'S4': 0, 'S5': 0, 'uncategorized': 1}",0,0,Institut Teknologi Bandung
4,Ahim Ruswandi,3067006,6035348,,AHIM RUSWANDI,http://sinta.ristekbrin.go.id/authors/detail?id=6035348&view=overview,"{'id': '379', 'name': 'Institut Teknologi Bandung', 'url': 'http://sinta.ristekbrin.go.id/affiliations/detail/?id=379&view=overview'}",,['Agroteknologi & Teknologi Bioproduk'],"{'overall': 0.41, '3_years': 0.0, 'overall_v2': 36.0, '3_years_v2': 0.0}","{'national': 99960, '3_years_national': 156403, 'affiliation': 1373, '3_years_affiliation': 1461}","{'documents': 1, 'citations': 0, 'h-index': 0, 'i10-index': 0, 'g-index': 1, 'articles': 1, 'conferences': 0, 'others': 0, 'Q1': 0, 'Q2': 0, 'Q3': 1, 'Q4': 0, 'undefined': 0}","{'documents': 2, 'citations': 2, 'h-index': 1, 'i10-index': 0, 'g-index': 1}","{'documents': 0, 'citations': None, 'h-index': None, 'i10-index': None, 'g-index': None}","{'S0': 0, 'S1': 0, 'S2': 0, 'S3': 0, 'S4': 0, 'S5': 0, 'uncategorized': 2}",0,0,Institut Teknologi Bandung
5,Ahmad Faizal,2078107,5982429,46101,AHMAD FAIZAL,http://sinta.ristekbrin.go.id/authors/detail?id=5982429&view=overview,"{'id': '379', 'name': 'Institut Teknologi Bandung', 'url': 'http://sinta.ristekbrin.go.id/affiliations/detail/?id=379&view=overview'}",Biology,"['Agarwood', 'Duckweed', 'Plant Physiology', 'Saponin', 'Tissue Culture']","{'overall': 24.83, '3_years': 5.42, 'overall_v2': 2308.0, '3_years_v2': 537.5}","{'national': 2318, '3_years_national': 5534, 'affiliation': 188, '3_years_affiliation': 220}","{'documents': 31, 'citations': 282, 'h-index': 8, 'i10-index': 7, 'g-index': 1, 'articles': 20, 'conferences': 10, 'others': 1, 'Q1': 9, 'Q2': 5, 'Q3': 6, 'Q4': 6, 'undefined': 5}","{'documents': 53, 'citations': 430, 'h-index': 9, 'i10-index': 8, 'g-index': 21}","{'documents': 4, 'citations': None, 'h-index': None, 'i10-index': None, 'g-index': None}","{'S0': 1, 'S1': 0, 'S2': 0, 'S3': 0, 'S4': 0, 'S5': 0, 'uncategorized': 52}",2,3,Institut Teknologi Bandung
6,Ahmad Ridwan,22125803,6016852,46201,AHMAD RIDWAN,http://sinta.ristekbrin.go.id/authors/detail?id=6016852&view=overview,"{'id': '379', 'name': 'Institut Teknologi Bandung', 'url': 'http://sinta.ristekbrin.go.id/affiliations/detail/?id=379&view=overview'}",,"['Biologi', 'Fisiologi']","{'overall': 11.6, '3_years': 2.09, 'overall_v2': 1084.5, '3_years_v2': 165.5}","{'national': 6591, '3_years_national': 24589, 'affiliation': 450, '3_years_affiliation': 665}","{'documents': 14, 'citations': 79, 'h-index': 3, 'i10-index': 1, 'g-index': 1, 'articles': 8, 'conferences': 6, 'others': 0, 'Q1': 3, 'Q2': 0, 'Q3': 1, 'Q4': 9, 'undefined': 2}","{'documents': 57, 'citations': 199, 'h-index': 6, 'i10-index': 4, 'g-index': 14}","{'documents': 1, 'citations': None, 'h-index': None, 'i10-index': None, 'g-index': None}","{'S0': 0, 'S1': 1, 'S2': 0, 'S3': 0, 'S4': 0, 'S5': 0, 'uncategorized': 56}",0,1,Institut Teknologi Bandung
7,Alfi Rumidatul,421117401,6004960,,ALFI RUMIDATUL,http://sinta.ristekbrin.go.id/authors/detail?id=6004960&view=overview,"{'id': '379', 'name': 'Institut Teknologi Bandung', 'url': 'http://sinta.ristekbrin.go.id/affiliations/detail/?id=379&view=overview'}",,"['Teknologi Hasil Hutan Bukan Kayu', 'metabolit tanaman kehutanan', 'kimia hasil hutan']","{'overall': 4.42, '3_years': 0.82, 'overall_v2': 360.5, '3_years_v2': 164.5}","{'national': 22492, '3_years_national': 24762, 'affiliation': 861, '3_years_affiliation': 668}","{'documents': 7, 'citations': 20, 'h-index': 2, 'i10-index': 1, 'g-index': 1, 'articles': 7, 'conferences': 0, 'others': 0, 'Q1': 1, 'Q2': 1, 'Q3': 1, 'Q4': 2, 'undefined': 2}","{'documents': 40, 'citations': 75, 'h-index': 3, 'i10-index': 2, 'g-index': 9}","{'documents': 0, 'citations': None, 'h-index': None, 'i10-index': None, 'g-index': None}","{'S0': 0, 'S1': 0, 'S2': 0, 'S3': 0, 'S4': 0, 'S5': 0, 'uncategorized': 40}",0,0,Institut Teknologi Bandung
8,Angga Dwiartama,5028305,6042950,,ANGGA DWIARTAMA,http://sinta.ristekbrin.go.id/authors/detail?id=6042950&view=overview,"{'id': '379', 'name': 'Institut Teknologi Bandung', 'url': 'http://sinta.ristekbrin.go.id/affiliations/detail/?id=379&view=overview'}",,"['Resilience thinking', 'Political economy of food', 'Human Geography', 'actor-network theory', 'post-structuralism']","{'overall': 12.13, '3_years': 2.05, 'overall_v2': 1124.0, '3_years_v2': 398.0}","{'national': 6293, '3_years_national': 8739, 'affiliation': 438, '3_years_affiliation': 324}","{'documents': 14, 'citations': 114, 'h-index': 5, 'i10-index': 3, 'g-index': 2, 'articles': 11, 'conferences': 0, 'others': 3, 'Q1': 7, 'Q2': 2, 'Q3': 1, 'Q4': 1, 'undefined': 3}","{'documents': 43, 'citations': 266, 'h-index': 8, 'i10-index': 7, 'g-index': 1}","{'documents': 4, 'citations': None, 'h-index': None, 'i10-index': None, 'g-index': None}","{'S0': 1, 'S1': 1, 'S2': 0, 'S3': 0, 'S4': 0, 'S5': 0, 'uncategorized': 41}",1,1,Institut Teknologi Bandung
9,Anggraini Barlian,13046302,6041538,46001,ANGGRAINI BARLIAN,http://sinta.ristekbrin.go.id/authors/detail?id=6041538&view=overview,"{'id': '379', 'name': 'Institut Teknologi Bandung', 'url': 'http://sinta.ristekbrin.go.id/affiliations/detail/?id=379&view=overview'}",,['Developmental biology'],"{'overall': 32.1, '3_years': 5.29, 'overall_v2': 3044.5, '3_years_v2': 618.5}","{'national': 1477, '3_years_national': 4430, 'affiliation': 133, '3_years_affiliation': 177}","{'documents': 27, 'citations': 262, 'h-index': 6, 'i10-index': 4, 'g-index': 1, 'articles': 20, 'conferences': 7, 'others': 0, 'Q1': 8, 'Q2': 8, 'Q3': 1, 'Q4': 7, 'undefined': 6}","{'documents': 72, 'citations': 409, 'h-index': 8, 'i10-index': 7, 'g-index': 1}","{'documents': 4, 'citations': None, 'h-index': None, 'i10-index': None, 'g-index': None}","{'S0': 0, 'S1': 0, 'S2': 0, 'S3': 1, 'S4': 0, 'S5': 0, 'uncategorized': 71}",1,2,Institut Teknologi Bandung
10,Anne Hadiyane,10117111,6033805,,ANNE HADIYANE,http://sinta.ristekbrin.go.id/authors/detail?id=6033805&view=overview,"{'id': '379', 'name': 'Institut Teknologi Bandung', 'url': 'http://sinta.ristekbrin.go.id/affiliations/detail/?id=379&view=overview'}",,['Teknologi Kehutanan'],"{'overall': 28.26, '3_years': 1.58, 'overall_v2': 2508.5, '3_years_v2': 236.0}","{'national': 2056, '3_years_national': 16759, 'affiliation': 171, '3_years_affiliation': 524}","{'documents': 14, 'citations': 420, 'h-index': 6, 'i10-index': 5, 'g-index': 1, 'articles': 14, 'conferences': 0, 'others': 0, 'Q1': 2, 'Q2': 4, 'Q3': 5, 'Q4': 2, 'undefined': 1}","{'documents': 31, 'citations': 574, 'h-index': 8, 'i10-index': 6, 'g-index': 1}","{'documents': 4, 'citations': None, 'h-index': None, 'i10-index': None, 'g-index': None}","{'S0': 0, 'S1': 0, 'S2': 0, 'S3': 0, 'S4': 0, 'S5': 0, 'uncategorized': 31}",0,0,Institut Teknologi Bandung
11,Aos,13116704,6032302,,AOS,http://sinta.ristekbrin.go.id/authors/detail?id=6032302&view=overview,"{'id': '379', 'name': 'Institut Teknologi Bandung', 'url': 'http://sinta.ristekbrin.go.id/affiliations/detail/?id=379&view=overview'}",SITH,"['Evaluasi Kesesuaian lahan', 'kesuburan tanah', 'budidaya Pertanian']","{'overall': 2.23, '3_years': 0.25, 'overall_v2': 182.5, '3_years_v2': 70.5}","{'national': 39393, '3_years_national': 51696, 'affiliation': 1042, '3_years_affiliation': 1002}","{'documents': 1, 'citations': 2, 'h-index': 1, 'i10-index': 0, 'g-index': 0, 'articles': 1, 'conferences': 0, 'others': 0, 'Q1': 0, 'Q2': 0, 'Q3': 1, 'Q4': 0, 'undefined': 0}","{'documents': 53, 'citations': 153, 'h-index': 7, 'i10-index': 5, 'g-index': 0}","{'documents': 0, 'citations': None, 'h-index': None, 'i10-index': None, 'g-index': None}","{'S0': 1, 'S1': 1, 'S2': 0, 'S3': 0, 'S4': 0, 'S5': 0, 'uncategorized': 51}",0,0,Institut Teknologi Bandung
12,Ardhiani Kurnia Hidayanti,29078802,6035520,46201,ARDHIANI KURNIA HIDAYANTI,http://sinta.ristekbrin.go.id/authors/detail?id=6035520&view=overview,"{'id': '379', 'name': 'Institut Teknologi Bandung', 'url': 'http://sinta.ristekbrin.go.id/affiliations/detail/?id=379&view=overview'}",,['No verified email'],"{'overall': 0.03, '3_years': 0.0, 'overall_v2': 1.5, '3_years_v2': 0.0}","{'national': 161486, '3_years_national': 180126, 'affiliation': 1485, '3_years_affiliation': 1509}","{'documents': 0, 'citations': 0, 'h-index': 0, 'i10-index': 0, 'g-index': 0, 'articles': 0, 'conferences': 0, 'others': 0, 'Q1': 0, 'Q2': 0, 'Q3': 0, 'Q4': 0, 'undefined': 0}","{'documents': 2, 'citations': 0, 'h-index': 0, 'i10-index': 0, 'g-index': 0}","{'documents': 0, 'citations': None, 'h-index': None, 'i10-index': None, 'g-index': None}","{'S0': 0, 'S1': 0, 'S2': 0, 'S3': 0, 'S4': 0, 'S5': 0, 'uncategorized': 2}",0,0,Institut Teknologi Bandung
13,Arni Rahmawati Fahmi Sholihah,23078901,6035531,,ARNI RAHMAWATI FAHMI SHOLIHAH,http://sinta.ristekbrin.go.id/authors/detail?id=6035531&view=overview,"{'id': '379', 'name': 'Institut Teknologi Bandung', 'url': 'http://sinta.ristekbrin.go.id/affiliations/detail/?id=379&view=overview'}",,['Ekologi'],"{'overall': 1.9, '3_years': 1.88, 'overall_v2': 193.0, '3_years_v2': 152.0}","{'national': 37778, '3_years_national': 26870, 'affiliation': 1029, '3_years_affiliation': 706}","{'documents': 3, 'citations': 15, 'h-index': 2, 'i10-index': 0, 'g-index': 1, 'articles': 3, 'conferences': 0, 'others': 0, 'Q1': 3, 'Q2': 0, 'Q3': 0, 'Q4': 0, 'undefined': 0}","{'documents': 3, 'citations': 2, 'h-index': 1, 'i10-index': 0, 'g-index': 0}","{'documents': 0, 'citations': None, 'h-index': None, 'i10-index': None, 'g-index': None}","{'S0': 0, 'S1': 0, 'S2': 0, 'S3': 0, 'S4': 0, 'S5': 0, 'uncategorized': 3}",0,0,Institut Teknologi Bandung
14,Asep Hidayat,401066606,6035214,,ASEP HIDAYAT,http://sinta.ristekbrin.go.id/authors/detail?id=6035214&view=overview,"{'id': '379', 'name': 'Institut Teknologi Bandung', 'url': 'http://sinta.ristekbrin.go.id/affiliations/detail/?id=379&view=overview'}",,"['Bioremediation', 'Enzyme and Microbial Technology', 'Bioresources Sciences']","{'overall': 0.0, '3_years': 0.0, 'overall_v2': 0.0, '3_years_v2': 0.0}","{'national': 181695, '3_years_national': 180859, 'affiliation': 1518, '3_years_affiliation': 1513}","{'documents': 0, 'citations': 0, 'h-index': 0, 'i10-index': 0, 'g-index': 7, 'articles': 0, 'conferences': 0, 'others': 0, 'Q1': 0, 'Q2': 0, 'Q3': 0, 'Q4': 0, 'undefined': 0}","{'documents': 0, 'citations': 0, 'h-index': 0, 'i10-index': 0, 'g-index': 1}","{'documents': 3, 'citations': None, 'h-index': None, 'i10-index': None, 'g-index': None}","{'S0': 0, 'S1': 0, 'S2': 0, 'S3': 0, 'S4': 0, 'S5': 0, 'uncategorized': 0}",0,4,Institut Teknologi Bandung
15,Atmawi Darwis,402107507,6036386,,ATMAWI DARWIS,http://sinta.ristekbrin.go.id/authors/detail?id=6036386&view=overview,"{'id': '379', 'name': 'Institut Teknologi Bandung', 'url': 'http://sinta.ristekbrin.go.id/affiliations/detail/?id=379&view=overview'}",,"['Wood Anatomy', 'Biology', 'Wood Properties']","{'overall': 8.92, '3_years': 2.78, 'overall_v2': 754.0, '3_years_v2': 350.0}","{'national': 10186, '3_years_national': 10363, 'affiliation': 586, '3_years_affiliation': 377}","{'documents': 15, 'citations': 47, 'h-index': 4, 'i10-index': 2, 'g-index': 1, 'articles': 13, 'conferences': 1, 'others': 1, 'Q1': 0, 'Q2': 3, 'Q3': 6, 'Q4': 4, 'undefined': 2}","{'documents': 46, 'citations': 118, 'h-index': 6, 'i10-index': 3, 'g-index': 1}","{'documents': 0, 'citations': None, 'h-index': None, 'i10-index': None, 'g-index': None}","{'S0': 0, 'S1': 0, 'S2': 0, 'S3': 0, 'S4': 0, 'S5': 0, 'uncategorized': 46}",0,0,Institut Teknologi Bandung
16,Ayda Trisnawaty Yusuf,13086102,6016879,46101,AYDA TRISNAWATY YUSUF,http://sinta.ristekbrin.go.id/authors/detail?id=6016879&view=overview,"{'id': '379', 'name': 'Institut Teknologi Bandung', 'url': 'http://sinta.ristekbrin.go.id/affiliations/detail/?id=379&view=overview'}",,"['animal reproduction and development', 'toxicology']","{'overall': 3.0, '3_years': 0.15, 'overall_v2': 229.5, '3_years_v2': 30.0}","{'national': 32975, '3_years_national': 83717, 'affiliation': 986, '3_years_affiliation': 1215}","{'documents': 6, 'citations': 7, 'h-index': 2, 'i10-index': 0, 'g-index': 1, 'articles': 3, 'conferences': 3, 'others': 0, 'Q1': 0, 'Q2': 0, 'Q3': 2, 'Q4': 3, 'undefined': 1}","{'documents': 21, 'citations': 95, 'h-index': 4, 'i10-index': 2, 'g-index': 10}","{'documents': 0, 'citations': None, 'h-index': None, 'i10-index': None, 'g-index': None}","{'S0': 0, 'S1': 0, 'S2': 0, 'S3': 0, 'S4': 0, 'S5': 0, 'uncategorized': 21}",0,0,Institut Teknologi Bandung
17,Azzania Fibriani,5127706,5981104,46202,AZZANIA FIBRIANI,http://sinta.ristekbrin.go.id/authors/detail?id=5981104&view=overview,"{'id': '379', 'name': 'Institut Teknologi Bandung', 'url': 'http://sinta.ristekbrin.go.id/affiliations/detail/?id=379&view=overview'}",,"['Microbiology', 'virology']","{'overall': 10.17, '3_years': 0.9, 'overall_v2': 900.5, '3_years_v2': 45.0}","{'national': 8268, '3_years_national': 68448, 'affiliation': 513, '3_years_affiliation': 1128}","{'documents': 10, 'citations': 96, 'h-index': 6, 'i10-index': 5, 'g-index': 1, 'articles': 10, 'conferences': 0, 'others': 0, 'Q1': 6, 'Q2': 2, 'Q3': 2, 'Q4': 0, 'undefined': 0}","{'documents': 33, 'citations': 166, 'h-index': 8, 'i10-index': 5, 'g-index': 13}","{'documents': 6, 'citations': None, 'h-index': None, 'i10-index': None, 'g-index': None}","{'S0': 0, 'S1': 0, 'S2': 0, 'S3': 0, 'S4': 0, 'S5': 0, 'uncategorized': 33}",0,10,Institut Teknologi Bandung
18,Chindy Ulima Zanetta,28078903,6007337,,CHINDY ULIMA ZANETTA,http://sinta.ristekbrin.go.id/authors/detail?id=6007337&view=overview,"{'id': '379', 'name': 'Institut Teknologi Bandung', 'url': 'http://sinta.ristekbrin.go.id/affiliations/detail/?id=379&view=overview'}",Rekayasa Pertanian,"['Plant Breeding', 'Agronomy', 'Ecophysiology']","{'overall': 2.15, '3_years': 0.15, 'overall_v2': 183.0, '3_years_v2': 15.0}","{'national': 39263, '3_years_national': 110318, 'affiliation': 1040, '3_years_affiliation': 1304}","{'documents': 4, 'citations': 18, 'h-index': 2, 'i10-index': 1, 'g-index': 1, 'articles': 1, 'conferences': 3, 'others': 0, 'Q1': 0, 'Q2': 2, 'Q3': 1, 'Q4': 1, 'undefined': 0}","{'documents': 29, 'citations': 46, 'h-index': 4, 'i10-index': 2, 'g-index': 7}","{'documents': 0, 'citations': None, 'h-index': None, 'i10-index': None, 'g-index': None}","{'S0': 0, 'S1': 0, 'S2': 0, 'S3': 0, 'S4': 0, 'S5': 0, 'uncategorized': 29}",0,0,Institut Teknologi Bandung
19,Dadang Sumardi,414076502,5979344,54107,DADANG SUMARDI,http://sinta.ristekbrin.go.id/authors/detail?id=5979344&view=overview,"{'id': '379', 'name': 'Institut Teknologi Bandung', 'url': 'http://sinta.ristekbrin.go.id/affiliations/detail/?id=379&view=overview'}",,[],"{'overall': 0.94, '3_years': 0.0, 'overall_v2': 81.0, '3_years_v2': 30.0}","{'national': 67561, '3_years_national': 83800, 'affiliation': 1241, '3_years_affiliation': 1217}","{'documents': 2, 'citations': 4, 'h-index': 1, 'i10-index': 0, 'g-index': 1, 'articles': 2, 'conferences': 0, 'others': 0, 'Q1': 0, 'Q2': 0, 'Q3': 1, 'Q4': 1, 'undefined': 0}","{'documents': 0, 'citations': 0, 'h-index': 0, 'i10-index': 0, 'g-index': 0}","{'documents': 0, 'citations': None, 'h-index': None, 'i10-index': None, 'g-index': None}","{'S0': 0, 'S1': 0, 'S2': 0, 'S3': 0, 'S4': 0, 'S5': 0, 'uncategorized': 0}",0,0,Institut Teknologi Bandung
20,Dea Indriani Astuti,30047001,6032179,46202,DEA INDRIANI ASTUTI,http://sinta.ristekbrin.go.id/authors/detail?id=6032179&view=overview,"{'id': '379', 'name': 'Institut Teknologi Bandung', 'url': 'http://sinta.ristekbrin.go.id/affiliations/detail/?id=379&view=overview'}",,"['Industrial Microbiology', 'Petroleum Microbiology']","{'overall': 21.12, '3_years': 7.15, 'overall_v2': 1895.5, '3_years_v2': 961.0}","{'national': 3123, '3_years_national': 2014, 'affiliation': 256, '3_years_affiliation': 76}","{'documents': 42, 'citations': 137, 'h-index': 8, 'i10-index': 4, 'g-index': 1, 'articles': 31, 'conferences': 11, 'others': 0, 'Q1': 4, 'Q2': 8, 'Q3': 8, 'Q4': 12, 'undefined': 10}","{'documents': 31, 'citations': 150, 'h-index': 8, 'i10-index': 7, 'g-index': 1}","{'documents': 1, 'citations': None, 'h-index': None, 'i10-index': None, 'g-index': None}","{'S0': 0, 'S1': 0, 'S2': 0, 'S3': 0, 'S4': 0, 'S5': 0, 'uncategorized': 31}",0,8,Institut Teknologi Bandung
21,Devi Nandita Choesin,6046102,6042202,46201,DEVI NANDITA CHOESIN,http://sinta.ristekbrin.go.id/authors/detail?id=6042202&view=overview,"{'id': '379', 'name': 'Institut Teknologi Bandung', 'url': 'http://sinta.ristekbrin.go.id/affiliations/detail/?id=379&view=overview'}",,"['Ecology', 'Wetland Ecology']","{'overall': 19.71, '3_years': 0.0, 'overall_v2': 1956.0, '3_years_v2': 98.0}","{'national': 3003, '3_years_national': 40039, 'affiliation': 250, '3_years_affiliation': 892}","{'documents': 12, 'citations': 177, 'h-index': 6, 'i10-index': 3, 'g-index': 6, 'articles': 8, 'conferences': 4, 'others': 0, 'Q1': 5, 'Q2': 0, 'Q3': 2, 'Q4': 8, 'undefined': 0}","{'documents': 50, 'citations': 372, 'h-index': 9, 'i10-index': 8, 'g-index': 1}","{'documents': 3, 'citations': None, 'h-index': None, 'i10-index': None, 'g-index': None}","{'S0': 3, 'S1': 0, 'S2': 0, 'S3': 0, 'S4': 0, 'S5': 0, 'uncategorized': 47}",0,0,Institut Teknologi Bandung
22,Dian Rosleine,7078105,6042972,46201,DIAN ROSLEINE,http://sinta.ristekbrin.go.id/authors/detail?id=6042972&view=overview,"{'id': '379', 'name': 'Institut Teknologi Bandung', 'url': 'http://sinta.ristekbrin.go.id/affiliations/detail/?id=379&view=overview'}",,"['Ekologi Tumbuhan', 'biodiversitas']","{'overall': 2.58, '3_years': 1.63, 'overall_v2': 251.5, '3_years_v2': 227.0}","{'national': 30594, '3_years_national': 17535, 'affiliation': 955, '3_years_affiliation': 535}","{'documents': 7, 'citations': 5, 'h-index': 1, 'i10-index': 0, 'g-index': 2, 'articles': 3, 'conferences': 4, 'others': 0, 'Q1': 1, 'Q2': 1, 'Q3': 1, 'Q4': 4, 'undefined': 0}","{'documents': 24, 'citations': 60, 'h-index': 4, 'i10-index': 2, 'g-index': 0}","{'documents': 0, 'citations': None, 'h-index': None, 'i10-index': None, 'g-index': None}","{'S0': 1, 'S1': 0, 'S2': 0, 'S3': 0, 'S4': 0, 'S5': 0, 'uncategorized': 23}",0,0,Institut Teknologi Bandung
23,Dzulianur Mutsla,27128602,6036476,46202,DZULIANUR MUTSLA,http://sinta.ristekbrin.go.id/authors/detail?id=6036476&view=overview,"{'id': '379', 'name': 'Institut Teknologi Bandung', 'url': 'http://sinta.ristekbrin.go.id/affiliations/detail/?id=379&view=overview'}",,['Bioteknologi Mikroba'],"{'overall': 7.24, '3_years': 0.4, 'overall_v2': 389.0, '3_years_v2': 85.5}","{'national': 21012, '3_years_national': 44638, 'affiliation': 833, '3_years_affiliation': 936}","{'documents': 0, 'citations': 0, 'h-index': 0, 'i10-index': 0, 'g-index': 0, 'articles': 0, 'conferences': 0, 'others': 0, 'Q1': 0, 'Q2': 0, 'Q3': 0, 'Q4': 0, 'undefined': 0}","{'documents': 171, 'citations': 604, 'h-index': 13, 'i10-index': 19, 'g-index': 0}","{'documents': 0, 'citations': None, 'h-index': None, 'i10-index': None, 'g-index': None}","{'S0': 1, 'S1': 0, 'S2': 1, 'S3': 0, 'S4': 0, 'S5': 0, 'uncategorized': 169}",0,0,Institut Teknologi Bandung
24,Eka Mulya Alamsyah,14027004,6036401,,EKA MULYA ALAMSYAH,http://sinta.ristekbrin.go.id/authors/detail?id=6036401&view=overview,"{'id': '379', 'name': 'Institut Teknologi Bandung', 'url': 'http://sinta.ristekbrin.go.id/affiliations/detail/?id=379&view=overview'}",,['Teknologi Kehutanan'],"{'overall': 11.52, '3_years': 3.58, 'overall_v2': 984.0, '3_years_v2': 377.0}","{'national': 7464, '3_years_national': 9394, 'affiliation': 482, '3_years_affiliation': 350}","{'documents': 18, 'citations': 77, 'h-index': 5, 'i10-index': 3, 'g-index': 1, 'articles': 15, 'conferences': 3, 'others': 0, 'Q1': 0, 'Q2': 5, 'Q3': 5, 'Q4': 8, 'undefined': 0}","{'documents': 58, 'citations': 150, 'h-index': 6, 'i10-index': 4, 'g-index': 1}","{'documents': 2, 'citations': None, 'h-index': None, 'i10-index': None, 'g-index': None}","{'S0': 0, 'S1': 0, 'S2': 0, 'S3': 0, 'S4': 0, 'S5': 0, 'uncategorized': 58}",0,0,Institut Teknologi Bandung
25,Elham Sumarga,29127007,5977363,,ELHAM SUMARGA,http://sinta.ristekbrin.go.id/authors/detail?id=5977363&view=overview,"{'id': '379', 'name': 'Institut Teknologi Bandung', 'url': 'http://sinta.ristekbrin.go.id/affiliations/detail/?id=379&view=overview'}",School of Life Sciences and Technology,"['forest ecology', 'ecosystem services', 'spatial modelling']","{'overall': 23.28, '3_years': 0.46, 'overall_v2': 2080.5, '3_years_v2': 45.5}","{'national': 2734, '3_years_national': 67903, 'affiliation': 230, '3_years_affiliation': 1124}","{'documents': 11, 'citations': 338, 'h-index': 10, 'i10-index': 10, 'g-index': 0, 'articles': 11, 'conferences': 0, 'others': 0, 'Q1': 5, 'Q2': 5, 'Q3': 1, 'Q4': 0, 'undefined': 0}","{'documents': 18, 'citations': 566, 'h-index': 10, 'i10-index': 11, 'g-index': 0}","{'documents': 9, 'citations': None, 'h-index': None, 'i10-index': None, 'g-index': None}","{'S0': 0, 'S1': 0, 'S2': 0, 'S3': 0, 'S4': 0, 'S5': 0, 'uncategorized': 18}",0,0,Institut Teknologi Bandung
26,Endah Sulistyawati,19116901,6033862,46201,ENDAH SULISTYAWATI,http://sinta.ristekbrin.go.id/authors/detail?id=6033862&view=overview,"{'id': '379', 'name': 'Institut Teknologi Bandung', 'url': 'http://sinta.ristekbrin.go.id/affiliations/detail/?id=379&view=overview'}",,[],"{'overall': 14.38, '3_years': 5.31, 'overall_v2': 1303.5, '3_years_v2': 679.0}","{'national': 5196, '3_years_national': 3779, 'affiliation': 386, '3_years_affiliation': 151}","{'documents': 28, 'citations': 65, 'h-index': 5, 'i10-index': 1, 'g-index': 1, 'articles': 16, 'conferences': 10, 'others': 2, 'Q1': 3, 'Q2': 4, 'Q3': 8, 'Q4': 6, 'undefined': 7}","{'documents': 112, 'citations': 357, 'h-index': 11, 'i10-index': 13, 'g-index': 1}","{'documents': 1, 'citations': None, 'h-index': None, 'i10-index': None, 'g-index': None}","{'S0': 1, 'S1': 2, 'S2': 0, 'S3': 1, 'S4': 0, 'S5': 0, 'uncategorized': 108}",0,0,Institut Teknologi Bandung
27,Eri Mustari,26076501,6015511,,ERI MUSTARI,http://sinta.ristekbrin.go.id/authors/detail?id=6015511&view=overview,"{'id': '379', 'name': 'Institut Teknologi Bandung', 'url': 'http://sinta.ristekbrin.go.id/affiliations/detail/?id=379&view=overview'}",,"['Computer Science', 'Artificial Intelligence', 'Machine Learning', 'Data Mining', 'Education Technology']","{'overall': 0.94, '3_years': 0.0, 'overall_v2': 76.0, '3_years_v2': 42.0}","{'national': 70055, '3_years_national': 71268, 'affiliation': 1259, '3_years_affiliation': 1147}","{'documents': 2, 'citations': 4, 'h-index': 1, 'i10-index': 0, 'g-index': 0, 'articles': 2, 'conferences': 0, 'others': 0, 'Q1': 0, 'Q2': 0, 'Q3': 0, 'Q4': 0, 'undefined': 2}","{'documents': 0, 'citations': 0, 'h-index': 0, 'i10-index': 0, 'g-index': 0}","{'documents': 0, 'citations': None, 'h-index': None, 'i10-index': None, 'g-index': None}","{'S0': 0, 'S1': 0, 'S2': 0, 'S3': 0, 'S4': 0, 'S5': 0, 'uncategorized': 0}",0,0,Institut Teknologi Bandung
28,Erly Marwani,5106202,6032235,46001,ERLY MARWANI,http://sinta.ristekbrin.go.id/authors/detail?id=6032235&view=overview,"{'id': '379', 'name': 'Institut Teknologi Bandung', 'url': 'http://sinta.ristekbrin.go.id/affiliations/detail/?id=379&view=overview'}",School of life sciences & technology,['Plant sciences & biotechnology'],"{'overall': 7.46, '3_years': 0.0, 'overall_v2': 666.5, '3_years_v2': 57.0}","{'national': 11700, '3_years_national': 60015, 'affiliation': 631, '3_years_affiliation': 1059}","{'documents': 5, 'citations': 76, 'h-index': 2, 'i10-index': 1, 'g-index': 2, 'articles': 5, 'conferences': 0, 'others': 0, 'Q1': 1, 'Q2': 0, 'Q3': 2, 'Q4': 2, 'undefined': 1}","{'documents': 28, 'citations': 191, 'h-index': 6, 'i10-index': 3, 'g-index': 1}","{'documents': 0, 'citations': None, 'h-index': None, 'i10-index': None, 'g-index': None}","{'S0': 0, 'S1': 0, 'S2': 0, 'S3': 1, 'S4': 0, 'S5': 0, 'uncategorized': 27}",0,0,Institut Teknologi Bandung
29,Ernawati Arifin Giri-Rachman,31077009,6035601,46202,ERNAWATI ARIFIN GIRI-RACHMAN,http://sinta.ristekbrin.go.id/authors/detail?id=6035601&view=overview,"{'id': '379', 'name': 'Institut Teknologi Bandung', 'url': 'http://sinta.ristekbrin.go.id/affiliations/detail/?id=379&view=overview'}",,['Medical microbiology'],"{'overall': 15.37, '3_years': 0.78, 'overall_v2': 1374.5, '3_years_v2': 79.0}","{'national': 4862, '3_years_national': 47622, 'affiliation': 360, '3_years_affiliation': 965}","{'documents': 13, 'citations': 189, 'h-index': 6, 'i10-index': 6, 'g-index': 1, 'articles': 12, 'conferences': 1, 'others': 0, 'Q1': 3, 'Q2': 5, 'Q3': 1, 'Q4': 3, 'undefined': 1}","{'documents': 38, 'citations': 271, 'h-index': 6, 'i10-index': 6, 'g-index': 1}","{'documents': 5, 'citations': None, 'h-index': None, 'i10-index': None, 'g-index': None}","{'S0': 0, 'S1': 0, 'S2': 0, 'S3': 0, 'S4': 0, 'S5': 0, 'uncategorized': 38}",1,10,Institut Teknologi Bandung
30,Fenny Martha Dwivany,18047201,5981640,46201,FENNY MARTHA DWIVANY,http://sinta.ristekbrin.go.id/authors/detail?id=5981640&view=overview,"{'id': '379', 'name': 'Institut Teknologi Bandung', 'url': 'http://sinta.ristekbrin.go.id/affiliations/detail/?id=379&view=overview'}",The School of Life Sciences and Technology,['Molecular Biology'],"{'overall': 19.98, '3_years': 7.9, 'overall_v2': 1831.5, '3_years_v2': 1153.5}","{'national': 3288, '3_years_national': 1377, 'affiliation': 268, '3_years_affiliation': 48}","{'documents': 38, 'citations': 134, 'h-index': 6, 'i10-index': 4, 'g-index': 1, 'articles': 29, 'conferences': 8, 'others': 1, 'Q1': 2, 'Q2': 11, 'Q3': 6, 'Q4': 15, 'undefined': 4}","{'documents': 101, 'citations': 196, 'h-index': 8, 'i10-index': 6, 'g-index': 13}","{'documents': 2, 'citations': None, 'h-index': None, 'i10-index': None, 'g-index': None}","{'S0': 0, 'S1': 0, 'S2': 0, 'S3': 2, 'S4': 0, 'S5': 0, 'uncategorized': 99}",8,3,Institut Teknologi Bandung
31,Fenryco Pratama,24028706,6035425,46202,FENRYCO PRATAMA,http://sinta.ristekbrin.go.id/authors/detail?id=6035425&view=overview,"{'id': '379', 'name': 'Institut Teknologi Bandung', 'url': 'http://sinta.ristekbrin.go.id/affiliations/detail/?id=379&view=overview'}",,"['Medical Microbiology', 'Microbial Physiology', 'and Genetic Engineering']","{'overall': 0.01, '3_years': 0.0, 'overall_v2': 0.5, '3_years_v2': 0.0}","{'national': 169636, '3_years_national': 161595, 'affiliation': 1500, '3_years_affiliation': 1475}","{'documents': 0, 'citations': 0, 'h-index': 0, 'i10-index': 0, 'g-index': 0, 'articles': 0, 'conferences': 0, 'others': 0, 'Q1': 0, 'Q2': 0, 'Q3': 0, 'Q4': 0, 'undefined': 0}","{'documents': 5, 'citations': 1, 'h-index': 1, 'i10-index': 0, 'g-index': 0}","{'documents': 0, 'citations': None, 'h-index': None, 'i10-index': None, 'g-index': None}","{'S0': 0, 'S1': 0, 'S2': 0, 'S3': 0, 'S4': 0, 'S5': 0, 'uncategorized': 5}",0,0,Institut Teknologi Bandung
32,Gede Suantika,10017001,6042207,46202,GEDE SUANTIKA,http://sinta.ristekbrin.go.id/authors/detail?id=6042207&view=overview,"{'id': '379', 'name': 'Institut Teknologi Bandung', 'url': 'http://sinta.ristekbrin.go.id/affiliations/detail/?id=379&view=overview'}",,"['Aquaculture', 'Aquatic Ecology']","{'overall': 49.59, '3_years': 4.38, 'overall_v2': 4803.0, '3_years_v2': 609.0}","{'national': 661, '3_years_national': 4545, 'affiliation': 69, '3_years_affiliation': 180}","{'documents': 35, 'citations': 370, 'h-index': 8, 'i10-index': 8, 'g-index': 1, 'articles': 33, 'conferences': 2, 'others': 0, 'Q1': 16, 'Q2': 8, 'Q3': 5, 'Q4': 5, 'undefined': 7}","{'documents': 115, 'citations': 877, 'h-index': 13, 'i10-index': 16, 'g-index': 1}","{'documents': 7, 'citations': None, 'h-index': None, 'i10-index': None, 'g-index': None}","{'S0': 0, 'S1': 1, 'S2': 0, 'S3': 0, 'S4': 0, 'S5': 0, 'uncategorized': 114}",0,3,Institut Teknologi Bandung
33,Heri Rahman,15056803,6035661,,HERI RAHMAN,http://sinta.ristekbrin.go.id/authors/detail?id=6035661&view=overview,"{'id': '379', 'name': 'Institut Teknologi Bandung', 'url': 'http://sinta.ristekbrin.go.id/affiliations/detail/?id=379&view=overview'}",,['Ekonomi Pertanian'],"{'overall': 0.83, '3_years': 0.79, 'overall_v2': 87.5, '3_years_v2': 85.5}","{'national': 64764, '3_years_national': 44734, 'affiliation': 1221, '3_years_affiliation': 939}","{'documents': 2, 'citations': 0, 'h-index': 0, 'i10-index': 0, 'g-index': 1, 'articles': 2, 'conferences': 0, 'others': 0, 'Q1': 0, 'Q2': 0, 'Q3': 0, 'Q4': 2, 'undefined': 0}","{'documents': 4, 'citations': 5, 'h-index': 1, 'i10-index': 0, 'g-index': 0}","{'documents': 0, 'citations': None, 'h-index': None, 'i10-index': None, 'g-index': None}","{'S0': 0, 'S1': 1, 'S2': 0, 'S3': 0, 'S4': 0, 'S5': 0, 'uncategorized': 3}",0,0,Institut Teknologi Bandung
34,Hikmat Ramdan,26117106,5979338,,HIKMAT RAMDAN,http://sinta.ristekbrin.go.id/authors/detail?id=5979338&view=overview,"{'id': '379', 'name': 'Institut Teknologi Bandung', 'url': 'http://sinta.ristekbrin.go.id/affiliations/detail/?id=379&view=overview'}",,"['Payment for Ecosystem Services', 'Watershed Management', 'Forestry Policy']","{'overall': 2.17, '3_years': 0.3, 'overall_v2': 133.0, '3_years_v2': 30.5}","{'national': 49410, '3_years_national': 82943, 'affiliation': 1122, '3_years_affiliation': 1208}","{'documents': 3, 'citations': 0, 'h-index': 0, 'i10-index': 0, 'g-index': 1, 'articles': 0, 'conferences': 3, 'others': 0, 'Q1': 0, 'Q2': 0, 'Q3': 0, 'Q4': 2, 'undefined': 1}","{'documents': 39, 'citations': 140, 'h-index': 6, 'i10-index': 3, 'g-index': 12}","{'documents': 0, 'citations': None, 'h-index': None, 'i10-index': None, 'g-index': None}","{'S0': 0, 'S1': 0, 'S2': 0, 'S3': 0, 'S4': 0, 'S5': 0, 'uncategorized': 39}",0,0,Institut Teknologi Bandung
35,I Nyoman Pugeg Aryantha,22056502,5980933,46202,I NYOMAN PUGEG ARYANTHA,http://sinta.ristekbrin.go.id/authors/detail?id=5980933&view=overview,"{'id': '379', 'name': 'Institut Teknologi Bandung', 'url': 'http://sinta.ristekbrin.go.id/affiliations/detail/?id=379&view=overview'}",Botany,"['mycology', 'plant pathology', 'microbiology']","{'overall': 31.14, '3_years': 4.1, 'overall_v2': 2591.0, '3_years_v2': 536.5}","{'national': 1957, '3_years_national': 5556, 'affiliation': 165, '3_years_affiliation': 221}","{'documents': 34, 'citations': 166, 'h-index': 5, 'i10-index': 3, 'g-index': 1, 'articles': 28, 'conferences': 5, 'others': 1, 'Q1': 2, 'Q2': 2, 'Q3': 12, 'Q4': 16, 'undefined': 3}","{'documents': 186, 'citations': 696, 'h-index': 12, 'i10-index': 14, 'g-index': 25}","{'documents': 1, 'citations': None, 'h-index': None, 'i10-index': None, 'g-index': None}","{'S0': 2, 'S1': 0, 'S2': 0, 'S3': 0, 'S4': 0, 'S5': 0, 'uncategorized': 184}",0,9,Institut Teknologi Bandung
36,Ichsan Suwandhi,27117005,6032248,,ICHSAN SUWANDHI,http://sinta.ristekbrin.go.id/authors/detail?id=6032248&view=overview,"{'id': '379', 'name': 'Institut Teknologi Bandung', 'url': 'http://sinta.ristekbrin.go.id/affiliations/detail/?id=379&view=overview'}",,['Aplied Plant Taxonomy for Forestry Engineering'],"{'overall': 1.17, '3_years': 0.06, 'overall_v2': 164.5, '3_years_v2': 125.0}","{'national': 42541, '3_years_national': 32538, 'affiliation': 1072, '3_years_affiliation': 802}","{'documents': 2, 'citations': 0, 'h-index': 0, 'i10-index': 0, 'g-index': 1, 'articles': 2, 'conferences': 0, 'others': 0, 'Q1': 0, 'Q2': 0, 'Q3': 2, 'Q4': 0, 'undefined': 0}","{'documents': 19, 'citations': 38, 'h-index': 3, 'i10-index': 1, 'g-index': 1}","{'documents': 0, 'citations': None, 'h-index': None, 'i10-index': None, 'g-index': None}","{'S0': 3, 'S1': 0, 'S2': 0, 'S3': 0, 'S4': 0, 'S5': 0, 'uncategorized': 16}",0,0,Institut Teknologi Bandung
37,Ihak Sumardi,414047002,6036350,,IHAK SUMARDI,http://sinta.ristekbrin.go.id/authors/detail?id=6036350&view=overview,"{'id': '379', 'name': 'Institut Teknologi Bandung', 'url': 'http://sinta.ristekbrin.go.id/affiliations/detail/?id=379&view=overview'}",Post Harvest Technology,[],"{'overall': 18.14, '3_years': 0.37, 'overall_v2': 1686.0, '3_years_v2': 530.0}","{'national': 3676, '3_years_national': 5655, 'affiliation': 296, '3_years_affiliation': 226}","{'documents': 26, 'citations': 178, 'h-index': 7, 'i10-index': 5, 'g-index': 2, 'articles': 18, 'conferences': 4, 'others': 4, 'Q1': 1, 'Q2': 8, 'Q3': 6, 'Q4': 5, 'undefined': 6}","{'documents': 47, 'citations': 226, 'h-index': 8, 'i10-index': 8, 'g-index': 1}","{'documents': 4, 'citations': None, 'h-index': None, 'i10-index': None, 'g-index': None}","{'S0': 0, 'S1': 1, 'S2': 0, 'S3': 0, 'S4': 2, 'S5': 0, 'uncategorized': 44}",0,0,Institut Teknologi Bandung
38,Indra Wibowo,6077905,5982471,46201,INDRA WIBOWO,http://sinta.ristekbrin.go.id/authors/detail?id=5982471&view=overview,"{'id': '379', 'name': 'Institut Teknologi Bandung', 'url': 'http://sinta.ristekbrin.go.id/affiliations/detail/?id=379&view=overview'}",Sekolah Ilmu dan Teknologi Hayati,['Cell dan developmental biology'],"{'overall': 18.29, '3_years': 4.86, 'overall_v2': 1664.0, '3_years_v2': 493.5}","{'national': 3750, '3_years_national': 6374, 'affiliation': 301, '3_years_affiliation': 254}","{'documents': 14, 'citations': 242, 'h-index': 5, 'i10-index': 4, 'g-index': 1, 'articles': 14, 'conferences': 0, 'others': 0, 'Q1': 3, 'Q2': 3, 'Q3': 5, 'Q4': 3, 'undefined': 0}","{'documents': 27, 'citations': 325, 'h-index': 5, 'i10-index': 4, 'g-index': 18}","{'documents': 1, 'citations': None, 'h-index': None, 'i10-index': None, 'g-index': None}","{'S0': 0, 'S1': 0, 'S2': 0, 'S3': 1, 'S4': 0, 'S5': 0, 'uncategorized': 26}",0,2,Institut Teknologi Bandung
39,Intan Ahmad,0001055802,6042213,46001,INTAN AHMAD,http://sinta.ristekbrin.go.id/authors/detail?id=6042213&view=overview,"{'id': '379', 'name': 'Institut Teknologi Bandung', 'url': 'http://sinta.ristekbrin.go.id/affiliations/detail/?id=379&view=overview'}",,['Entomology'],"{'overall': 18.98, '3_years': 2.67, 'overall_v2': 1456.0, '3_years_v2': 575.0}","{'national': 4498, '3_years_national': 4980, 'affiliation': 337, '3_years_affiliation': 198}","{'documents': 11, 'citations': 104, 'h-index': 5, 'i10-index': 3, 'g-index': 4, 'articles': 11, 'conferences': 0, 'others': 0, 'Q1': 2, 'Q2': 4, 'Q3': 4, 'Q4': 2, 'undefined': 0}","{'documents': 3442, 'citations': 27635, 'h-index': 67, 'i10-index': 705, 'g-index': 1}","{'documents': 0, 'citations': None, 'h-index': None, 'i10-index': None, 'g-index': None}","{'S0': 0, 'S1': 0, 'S2': 0, 'S3': 1, 'S4': 0, 'S5': 0, 'uncategorized': 3438}",0,2,Institut Teknologi Bandung
40,Intan Taufik,28027503,5981130,46202,INTAN TAUFIK,http://sinta.ristekbrin.go.id/authors/detail?id=5981130&view=overview,"{'id': '379', 'name': 'Institut Teknologi Bandung', 'url': 'http://sinta.ristekbrin.go.id/affiliations/detail/?id=379&view=overview'}",Mikrobiologi,['Microbiology'],"{'overall': 5.15, '3_years': 1.91, 'overall_v2': 463.0, '3_years_v2': 219.5}","{'national': 18021, '3_years_national': 18169, 'affiliation': 770, '3_years_affiliation': 553}","{'documents': 8, 'citations': 39, 'h-index': 3, 'i10-index': 1, 'g-index': 1, 'articles': 7, 'conferences': 1, 'others': 0, 'Q1': 1, 'Q2': 0, 'Q3': 2, 'Q4': 4, 'undefined': 1}","{'documents': 22, 'citations': 66, 'h-index': 4, 'i10-index': 1, 'g-index': 9}","{'documents': 1, 'citations': None, 'h-index': None, 'i10-index': None, 'g-index': None}","{'S0': 1, 'S1': 0, 'S2': 0, 'S3': 0, 'S4': 0, 'S5': 0, 'uncategorized': 21}",0,2,Institut Teknologi Bandung
41,Iriawati,7056201,5980817,46201,IRIAWATI,http://sinta.ristekbrin.go.id/authors/detail?id=5980817&view=overview,"{'id': '379', 'name': 'Institut Teknologi Bandung', 'url': 'http://sinta.ristekbrin.go.id/affiliations/detail/?id=379&view=overview'}",Biology,"['Plant developmental biology', 'plant cell and tissue culture']","{'overall': 9.17, '3_years': 1.88, 'overall_v2': 897.0, '3_years_v2': 151.0}","{'national': 8327, '3_years_national': 27054, 'affiliation': 516, '3_years_affiliation': 709}","{'documents': 16, 'citations': 44, 'h-index': 4, 'i10-index': 1, 'g-index': 1, 'articles': 13, 'conferences': 3, 'others': 0, 'Q1': 2, 'Q2': 1, 'Q3': 6, 'Q4': 10, 'undefined': 0}","{'documents': 50, 'citations': 138, 'h-index': 7, 'i10-index': 4, 'g-index': 11}","{'documents': 4, 'citations': None, 'h-index': None, 'i10-index': None, 'g-index': None}","{'S0': 1, 'S1': 0, 'S2': 0, 'S3': 0, 'S4': 0, 'S5': 0, 'uncategorized': 49}",0,0,Institut Teknologi Bandung
42,Isty Adhitya Purwasena,0015048108,6024642,46202,ISTY ADHITYA PURWASENA,http://sinta.ristekbrin.go.id/authors/detail?id=6024642&view=overview,"{'id': '379', 'name': 'Institut Teknologi Bandung', 'url': 'http://sinta.ristekbrin.go.id/affiliations/detail/?id=379&view=overview'}",,['Petroleum Microbiology'],"{'overall': 13.22, '3_years': 4.9, 'overall_v2': 1196.5, '3_years_v2': 618.5}","{'national': 5825, '3_years_national': 4428, 'affiliation': 420, '3_years_affiliation': 176}","{'documents': 23, 'citations': 109, 'h-index': 8, 'i10-index': 4, 'g-index': 1, 'articles': 14, 'conferences': 9, 'others': 0, 'Q1': 2, 'Q2': 8, 'Q3': 2, 'Q4': 4, 'undefined': 7}","{'documents': 72, 'citations': 147, 'h-index': 8, 'i10-index': 7, 'g-index': 12}","{'documents': 3, 'citations': None, 'h-index': None, 'i10-index': None, 'g-index': None}","{'S0': 0, 'S1': 0, 'S2': 0, 'S3': 0, 'S4': 0, 'S5': 0, 'uncategorized': 72}",0,5,Institut Teknologi Bandung
43,Lulu Lusianti Fitri,7026501,6016908,46201,LULU LUSIANTI FITRI,http://sinta.ristekbrin.go.id/authors/detail?id=6016908&view=overview,"{'id': '379', 'name': 'Institut Teknologi Bandung', 'url': 'http://sinta.ristekbrin.go.id/affiliations/detail/?id=379&view=overview'}",,['Biology'],"{'overall': 5.47, '3_years': 2.75, 'overall_v2': 485.5, '3_years_v2': 342.0}","{'national': 17248, '3_years_national': 10705, 'affiliation': 757, '3_years_affiliation': 392}","{'documents': 15, 'citations': 12, 'h-index': 2, 'i10-index': 0, 'g-index': 1, 'articles': 6, 'conferences': 9, 'others': 0, 'Q1': 0, 'Q2': 2, 'Q3': 2, 'Q4': 10, 'undefined': 1}","{'documents': 51, 'citations': 88, 'h-index': 4, 'i10-index': 3, 'g-index': 8}","{'documents': 0, 'citations': None, 'h-index': None, 'i10-index': None, 'g-index': None}","{'S0': 0, 'S1': 1, 'S2': 0, 'S3': 0, 'S4': 0, 'S5': 0, 'uncategorized': 50}",0,1,Institut Teknologi Bandung
44,Magdalena Lenny Situmorang,26058302,6032454,46202,MAGDALENA LENNY SITUMORANG,http://sinta.ristekbrin.go.id/authors/detail?id=6032454&view=overview,"{'id': '379', 'name': 'Institut Teknologi Bandung', 'url': 'http://sinta.ristekbrin.go.id/affiliations/detail/?id=379&view=overview'}",Sekolah Ilmu dan Teknologi Hayati,"['Aquaculture', 'Microbiology']","{'overall': 7.56, '3_years': 2.3, 'overall_v2': 679.5, '3_years_v2': 211.0}","{'national': 11468, '3_years_national': 18990, 'affiliation': 619, '3_years_affiliation': 571}","{'documents': 9, 'citations': 66, 'h-index': 3, 'i10-index': 3, 'g-index': 1, 'articles': 9, 'conferences': 0, 'others': 0, 'Q1': 3, 'Q2': 3, 'Q3': 2, 'Q4': 1, 'undefined': 0}","{'documents': 32, 'citations': 136, 'h-index': 6, 'i10-index': 4, 'g-index': 1}","{'documents': 2, 'citations': None, 'h-index': None, 'i10-index': None, 'g-index': None}","{'S0': 0, 'S1': 0, 'S2': 0, 'S3': 0, 'S4': 0, 'S5': 0, 'uncategorized': 32}",0,3,Institut Teknologi Bandung
45,Mamat Kandar,408026901,6035477,46202,MAMAT KANDAR,http://sinta.ristekbrin.go.id/authors/detail?id=6035477&view=overview,"{'id': '379', 'name': 'Institut Teknologi Bandung', 'url': 'http://sinta.ristekbrin.go.id/affiliations/detail/?id=379&view=overview'}",,['Bioteknologi Mikroba'],"{'overall': 3.2, '3_years': 0.42, 'overall_v2': 185.0, '3_years_v2': 65.5}","{'national': 39000, '3_years_national': 54329, 'affiliation': 1035, '3_years_affiliation': 1021}","{'documents': 2, 'citations': 1, 'h-index': 1, 'i10-index': 0, 'g-index': 1, 'articles': 2, 'conferences': 0, 'others': 0, 'Q1': 0, 'Q2': 0, 'Q3': 0, 'Q4': 1, 'undefined': 1}","{'documents': 82, 'citations': 176, 'h-index': 8, 'i10-index': 6, 'g-index': 0}","{'documents': 0, 'citations': None, 'h-index': None, 'i10-index': None, 'g-index': None}","{'S0': 0, 'S1': 0, 'S2': 0, 'S3': 0, 'S4': 0, 'S5': 0, 'uncategorized': 82}",0,0,Institut Teknologi Bandung
46,Marselina Irasonia Tan,7116303,5981268,54107,MARSELINA IRASONIA TAN,http://sinta.ristekbrin.go.id/authors/detail?id=5981268&view=overview,"{'id': '379', 'name': 'Institut Teknologi Bandung', 'url': 'http://sinta.ristekbrin.go.id/affiliations/detail/?id=379&view=overview'}",Sekolah Ilmu dan Teknologi Hayati-Institut Teknologi Bandung,"['cell biology', 'cancer biology', 'reproductive biology', 'developmental biology']","{'overall': 13.06, '3_years': 1.41, 'overall_v2': 1246.0, '3_years_v2': 113.5}","{'national': 5517, '3_years_national': 35341, 'affiliation': 405, '3_years_affiliation': 837}","{'documents': 18, 'citations': 87, 'h-index': 5, 'i10-index': 3, 'g-index': 1, 'articles': 16, 'conferences': 2, 'others': 0, 'Q1': 6, 'Q2': 4, 'Q3': 5, 'Q4': 2, 'undefined': 3}","{'documents': 57, 'citations': 240, 'h-index': 8, 'i10-index': 8, 'g-index': 16}","{'documents': 2, 'citations': None, 'h-index': None, 'i10-index': None, 'g-index': None}","{'S0': 0, 'S1': 0, 'S2': 1, 'S3': 0, 'S4': 0, 'S5': 0, 'uncategorized': 56}",1,4,Institut Teknologi Bandung
47,Mia Rosmiati,404106701,5979391,,MIA ROSMIATI,http://sinta.ristekbrin.go.id/authors/detail?id=5979391&view=overview,"{'id': '379', 'name': 'Institut Teknologi Bandung', 'url': 'http://sinta.ristekbrin.go.id/affiliations/detail/?id=379&view=overview'}","Rekayasa Pertanian, SITH-ITB",['sosial ekonomi pertanian'],"{'overall': 5.95, '3_years': 3.44, 'overall_v2': 538.5, '3_years_v2': 405.5}","{'national': 14972, '3_years_national': 8517, 'affiliation': 711, '3_years_affiliation': 318}","{'documents': 14, 'citations': 4, 'h-index': 1, 'i10-index': 0, 'g-index': 1, 'articles': 8, 'conferences': 6, 'others': 0, 'Q1': 0, 'Q2': 1, 'Q3': 5, 'Q4': 4, 'undefined': 4}","{'documents': 46, 'citations': 86, 'h-index': 6, 'i10-index': 4, 'g-index': 9}","{'documents': 0, 'citations': None, 'h-index': None, 'i10-index': None, 'g-index': None}","{'S0': 0, 'S1': 2, 'S2': 0, 'S3': 0, 'S4': 0, 'S5': 0, 'uncategorized': 44}",0,1,Institut Teknologi Bandung
48,Mulyaningrum,13107409,6035727,,MULYANINGRUM,http://sinta.ristekbrin.go.id/authors/detail?id=6035727&view=overview,"{'id': '379', 'name': 'Institut Teknologi Bandung', 'url': 'http://sinta.ristekbrin.go.id/affiliations/detail/?id=379&view=overview'}",,['Manajemen Sumber Daya Hayati'],"{'overall': 0.66, '3_years': 0.15, 'overall_v2': 57.0, '3_years_v2': 15.0}","{'national': 81693, '3_years_national': 110474, 'affiliation': 1310, '3_years_affiliation': 1316}","{'documents': 2, 'citations': 3, 'h-index': 1, 'i10-index': 0, 'g-index': 0, 'articles': 1, 'conferences': 1, 'others': 0, 'Q1': 0, 'Q2': 0, 'Q3': 0, 'Q4': 1, 'undefined': 1}","{'documents': 1, 'citations': 0, 'h-index': 0, 'i10-index': 0, 'g-index': 0}","{'documents': 0, 'citations': None, 'h-index': None, 'i10-index': None, 'g-index': None}","{'S0': 0, 'S1': 0, 'S2': 0, 'S3': 0, 'S4': 0, 'S5': 0, 'uncategorized': 1}",0,0,Institut Teknologi Bandung
49,Mustika Dewi,16036604,6035491,,MUSTIKA DEWI,http://sinta.ristekbrin.go.id/authors/detail?id=6035491&view=overview,"{'id': '379', 'name': 'Institut Teknologi Bandung', 'url': 'http://sinta.ristekbrin.go.id/affiliations/detail/?id=379&view=overview'}",,['Bioteknologi Mikroba'],"{'overall': 2.25, '3_years': 0.78, 'overall_v2': 182.5, '3_years_v2': 70.0}","{'national': 39373, '3_years_national': 51987, 'affiliation': 1041, '3_years_affiliation': 1006}","{'documents': 3, 'citations': 9, 'h-index': 1, 'i10-index': 0, 'g-index': 1, 'articles': 3, 'conferences': 0, 'others': 0, 'Q1': 0, 'Q2': 2, 'Q3': 0, 'Q4': 0, 'undefined': 1}","{'documents': 14, 'citations': 17, 'h-index': 2, 'i10-index': 1, 'g-index': 1}","{'documents': 0, 'citations': None, 'h-index': None, 'i10-index': None, 'g-index': None}","{'S0': 0, 'S1': 0, 'S2': 0, 'S3': 0, 'S4': 0, 'S5': 0, 'uncategorized': 10}",0,0,Institut Teknologi Bandung
50,Neil priharto,5018606,6035402,,NEIL PRIHARTO,http://sinta.ristekbrin.go.id/authors/detail?id=6035402&view=overview,"{'id': '379', 'name': 'Institut Teknologi Bandung', 'url': 'http://sinta.ristekbrin.go.id/affiliations/detail/?id=379&view=overview'}",,['Bioengineering'],"{'overall': 3.92, '3_years': 3.62, 'overall_v2': 382.0, '3_years_v2': 321.0}","{'national': 21337, '3_years_national': 11597, 'affiliation': 841, '3_years_affiliation': 416}","{'documents': 9, 'citations': 26, 'h-index': 3, 'i10-index': 1, 'g-index': 2, 'articles': 5, 'conferences': 4, 'others': 0, 'Q1': 5, 'Q2': 0, 'Q3': 0, 'Q4': 0, 'undefined': 4}","{'documents': 15, 'citations': 36, 'h-index': 3, 'i10-index': 3, 'g-index': 1}","{'documents': 0, 'citations': None, 'h-index': None, 'i10-index': None, 'g-index': None}","{'S0': 0, 'S1': 0, 'S2': 0, 'S3': 0, 'S4': 0, 'S5': 0, 'uncategorized': 15}",0,1,Institut Teknologi Bandung
51,Noor Rahmawati,3057007,6004903,,NOOR RAHMAWATI,http://sinta.ristekbrin.go.id/authors/detail?id=6004903&view=overview,"{'id': '379', 'name': 'Institut Teknologi Bandung', 'url': 'http://sinta.ristekbrin.go.id/affiliations/detail/?id=379&view=overview'}",,['Mikrobiologi/ fungi'],"{'overall': 6.82, '3_years': 0.75, 'overall_v2': 578.5, '3_years_v2': 36.5}","{'national': 13784, '3_years_national': 77273, 'affiliation': 676, '3_years_affiliation': 1165}","{'documents': 8, 'citations': 68, 'h-index': 4, 'i10-index': 2, 'g-index': 1, 'articles': 5, 'conferences': 3, 'others': 0, 'Q1': 2, 'Q2': 0, 'Q3': 1, 'Q4': 5, 'undefined': 0}","{'documents': 25, 'citations': 164, 'h-index': 6, 'i10-index': 4, 'g-index': 13}","{'documents': 0, 'citations': None, 'h-index': None, 'i10-index': None, 'g-index': None}","{'S0': 0, 'S1': 0, 'S2': 0, 'S3': 0, 'S4': 0, 'S5': 0, 'uncategorized': 25}",0,0,Institut Teknologi Bandung
52,Nurudin,11036906,6032563,,NURUDIN,http://sinta.ristekbrin.go.id/authors/detail?id=6032563&view=overview,"{'id': '379', 'name': 'Institut Teknologi Bandung', 'url': 'http://sinta.ristekbrin.go.id/affiliations/detail/?id=379&view=overview'}",,['forestry and agriculture'],"{'overall': 0.98, '3_years': 0.43, 'overall_v2': 95.0, '3_years_v2': 95.0}","{'national': 61431, '3_years_national': 41074, 'affiliation': 1196, '3_years_affiliation': 901}","{'documents': 2, 'citations': 5, 'h-index': 1, 'i10-index': 0, 'g-index': 0, 'articles': 2, 'conferences': 0, 'others': 0, 'Q1': 0, 'Q2': 1, 'Q3': 1, 'Q4': 0, 'undefined': 0}","{'documents': 2, 'citations': 0, 'h-index': 0, 'i10-index': 0, 'g-index': 0}","{'documents': 0, 'citations': None, 'h-index': None, 'i10-index': None, 'g-index': None}","{'S0': 0, 'S1': 0, 'S2': 0, 'S3': 0, 'S4': 0, 'S5': 0, 'uncategorized': 2}",0,0,Institut Teknologi Bandung
53,Pujo,29047204,6036243,,PUJO,http://sinta.ristekbrin.go.id/authors/detail?id=6036243&view=overview,"{'id': '379', 'name': 'Institut Teknologi Bandung', 'url': 'http://sinta.ristekbrin.go.id/affiliations/detail/?id=379&view=overview'}",Biomanagement,[],"{'overall': 0.9, '3_years': 0.0, 'overall_v2': 82.0, '3_years_v2': 82.0}","{'national': 67074, '3_years_national': 46124, 'affiliation': 1238, '3_years_affiliation': 952}","{'documents': 2, 'citations': 3, 'h-index': 1, 'i10-index': 0, 'g-index': 2, 'articles': 2, 'conferences': 0, 'others': 0, 'Q1': 0, 'Q2': 0, 'Q3': 2, 'Q4': 0, 'undefined': 0}","{'documents': 1, 'citations': 0, 'h-index': 0, 'i10-index': 0, 'g-index': 0}","{'documents': 0, 'citations': None, 'h-index': None, 'i10-index': None, 'g-index': None}","{'S0': 0, 'S1': 0, 'S2': 0, 'S3': 0, 'S4': 0, 'S5': 0, 'uncategorized': 1}",0,0,Institut Teknologi Bandung
54,Ramadhani Eka Putra,7097704,5998784,46101,RAMADHANI EKA PUTRA,http://sinta.ristekbrin.go.id/authors/detail?id=5998784&view=overview,"{'id': '379', 'name': 'Institut Teknologi Bandung', 'url': 'http://sinta.ristekbrin.go.id/affiliations/detail/?id=379&view=overview'}",Sekolah Ilmu dan Teknologi Hayati,"['Entomology', 'Applied Biology']","{'overall': 16.68, '3_years': 3.09, 'overall_v2': 1397.0, '3_years_v2': 384.5}","{'national': 4758, '3_years_national': 9146, 'affiliation': 352, '3_years_affiliation': 340}","{'documents': 29, 'citations': 68, 'h-index': 6, 'i10-index': 1, 'g-index': 1, 'articles': 20, 'conferences': 9, 'others': 0, 'Q1': 0, 'Q2': 5, 'Q3': 10, 'Q4': 14, 'undefined': 0}","{'documents': 129, 'citations': 375, 'h-index': 12, 'i10-index': 15, 'g-index': 18}","{'documents': 2, 'citations': None, 'h-index': None, 'i10-index': None, 'g-index': None}","{'S0': 0, 'S1': 1, 'S2': 0, 'S3': 1, 'S4': 0, 'S5': 0, 'uncategorized': 127}",1,14,Institut Teknologi Bandung
55,Rika Alfianny,403046601,6035377,,RIKA ALFIANNY,http://sinta.ristekbrin.go.id/authors/detail?id=6035377&view=overview,"{'id': '379', 'name': 'Institut Teknologi Bandung', 'url': 'http://sinta.ristekbrin.go.id/affiliations/detail/?id=379&view=overview'}",,['Agroteknologi & Teknologi Bioproduk'],"{'overall': 0.5, '3_years': 0.39, 'overall_v2': 40.5, '3_years_v2': 35.0}","{'national': 95989, '3_years_national': 79533, 'affiliation': 1357, '3_years_affiliation': 1180}","{'documents': 1, 'citations': 0, 'h-index': 0, 'i10-index': 0, 'g-index': 1, 'articles': 1, 'conferences': 0, 'others': 0, 'Q1': 0, 'Q2': 0, 'Q3': 1, 'Q4': 0, 'undefined': 0}","{'documents': 7, 'citations': 7, 'h-index': 1, 'i10-index': 0, 'g-index': 0}","{'documents': 0, 'citations': None, 'h-index': None, 'i10-index': None, 'g-index': None}","{'S0': 0, 'S1': 0, 'S2': 0, 'S3': 0, 'S4': 0, 'S5': 0, 'uncategorized': 7}",0,3,Institut Teknologi Bandung
56,Rina Ratnasih Purnamahati,28095804,6034111,46201,RINA RATNASIH PURNAMAHATI,http://sinta.ristekbrin.go.id/authors/detail?id=6034111&view=overview,"{'id': '379', 'name': 'Institut Teknologi Bandung', 'url': 'http://sinta.ristekbrin.go.id/affiliations/detail/?id=379&view=overview'}",Biology,['Biology'],"{'overall': 21.44, '3_years': 0.6, 'overall_v2': 2053.5, '3_years_v2': 81.5}","{'national': 2796, '3_years_national': 46324, 'affiliation': 235, '3_years_affiliation': 953}","{'documents': 6, 'citations': 223, 'h-index': 2, 'i10-index': 2, 'g-index': 2, 'articles': 6, 'conferences': 0, 'others': 0, 'Q1': 3, 'Q2': 0, 'Q3': 2, 'Q4': 1, 'undefined': 1}","{'documents': 52, 'citations': 351, 'h-index': 5, 'i10-index': 2, 'g-index': 1}","{'documents': 2, 'citations': None, 'h-index': None, 'i10-index': None, 'g-index': None}","{'S0': 0, 'S1': 0, 'S2': 0, 'S3': 2, 'S4': 0, 'S5': 0, 'uncategorized': 50}",0,0,Institut Teknologi Bandung
57,Rizki Fauziah Ramadhaini,11068502,6032277,,RIZKI FAUZIAH RAMADHAINI,http://sinta.ristekbrin.go.id/authors/detail?id=6032277&view=overview,"{'id': '379', 'name': 'Institut Teknologi Bandung', 'url': 'http://sinta.ristekbrin.go.id/affiliations/detail/?id=379&view=overview'}",,"['Ecophysiology', 'Crop Nutrition', 'Crop Modelling']","{'overall': 0.09, '3_years': 0.0, 'overall_v2': 4.5, '3_years_v2': 0.0}","{'national': 145780, '3_years_national': 170572, 'affiliation': 1465, '3_years_affiliation': 1495}","{'documents': 0, 'citations': 0, 'h-index': 0, 'i10-index': 0, 'g-index': 0, 'articles': 0, 'conferences': 0, 'others': 0, 'Q1': 0, 'Q2': 0, 'Q3': 0, 'Q4': 0, 'undefined': 0}","{'documents': 4, 'citations': 21, 'h-index': 1, 'i10-index': 1, 'g-index': 0}","{'documents': 0, 'citations': None, 'h-index': None, 'i10-index': None, 'g-index': None}","{'S0': 0, 'S1': 0, 'S2': 0, 'S3': 0, 'S4': 0, 'S5': 0, 'uncategorized': 4}",0,0,Institut Teknologi Bandung
58,Robert Manurung,3125401,6036454,46203,ROBERT MANURUNG,http://sinta.ristekbrin.go.id/authors/detail?id=6036454&view=overview,"{'id': '379', 'name': 'Institut Teknologi Bandung', 'url': 'http://sinta.ristekbrin.go.id/affiliations/detail/?id=379&view=overview'}",,"['bioengineering', 'biobased products', 'bioconversion', 'industrial symbiosis', 'circular bioeconomy']","{'overall': 49.06, '3_years': 2.25, 'overall_v2': 4449.0, '3_years_v2': 322.0}","{'national': 754, '3_years_national': 11547, 'affiliation': 74, '3_years_affiliation': 413}","{'documents': 29, 'citations': 711, 'h-index': 13, 'i10-index': 13, 'g-index': 1, 'articles': 29, 'conferences': 0, 'others': 0, 'Q1': 16, 'Q2': 5, 'Q3': 5, 'Q4': 2, 'undefined': 1}","{'documents': 98, 'citations': 1377, 'h-index': 17, 'i10-index': 26, 'g-index': 1}","{'documents': 13, 'citations': None, 'h-index': None, 'i10-index': None, 'g-index': None}","{'S0': 0, 'S1': 0, 'S2': 0, 'S3': 0, 'S4': 0, 'S5': 0, 'uncategorized': 98}",0,7,Institut Teknologi Bandung
59,Sofiatin,408017101,6032163,,SOFIATIN,http://sinta.ristekbrin.go.id/authors/detail?id=6032163&view=overview,"{'id': '379', 'name': 'Institut Teknologi Bandung', 'url': 'http://sinta.ristekbrin.go.id/affiliations/detail/?id=379&view=overview'}",Biologi,['Bioresources management'],"{'overall': 0.39, '3_years': 0.39, 'overall_v2': 30.0, '3_years_v2': 30.0}","{'national': 106910, '3_years_national': 85265, 'affiliation': 1407, '3_years_affiliation': 1243}","{'documents': 1, 'citations': 0, 'h-index': 0, 'i10-index': 0, 'g-index': 1, 'articles': 1, 'conferences': 0, 'others': 0, 'Q1': 0, 'Q2': 0, 'Q3': 0, 'Q4': 1, 'undefined': 0}","{'documents': 5, 'citations': 0, 'h-index': 0, 'i10-index': 0, 'g-index': 0}","{'documents': 0, 'citations': None, 'h-index': None, 'i10-index': None, 'g-index': None}","{'S0': 0, 'S1': 0, 'S2': 0, 'S3': 0, 'S4': 0, 'S5': 0, 'uncategorized': 5}",0,0,Institut Teknologi Bandung
60,Sony Heru Sumarsono,22116102,6016950,46001,SONY HERU SUMARSONO,http://sinta.ristekbrin.go.id/authors/detail?id=6016950&view=overview,"{'id': '379', 'name': 'Institut Teknologi Bandung', 'url': 'http://sinta.ristekbrin.go.id/affiliations/detail/?id=379&view=overview'}",,['developmental biology'],"{'overall': 57.01, '3_years': 0.55, 'overall_v2': 5816.0, '3_years_v2': 153.5}","{'national': 464, '3_years_national': 26621, 'affiliation': 50, '3_years_affiliation': 700}","{'documents': 21, 'citations': 643, 'h-index': 6, 'i10-index': 4, 'g-index': 2, 'articles': 20, 'conferences': 1, 'others': 0, 'Q1': 18, 'Q2': 4, 'Q3': 3, 'Q4': 0, 'undefined': 5}","{'documents': 80, 'citations': 944, 'h-index': 8, 'i10-index': 6, 'g-index': 31}","{'documents': 9, 'citations': None, 'h-index': None, 'i10-index': None, 'g-index': None}","{'S0': 0, 'S1': 1, 'S2': 0, 'S3': 1, 'S4': 1, 'S5': 0, 'uncategorized': 77}",0,0,Institut Teknologi Bandung
61,Sony Suhandono,30096110,5984235,54107,SONY SUHANDONO,http://sinta.ristekbrin.go.id/authors/detail?id=5984235&view=overview,"{'id': '379', 'name': 'Institut Teknologi Bandung', 'url': 'http://sinta.ristekbrin.go.id/affiliations/detail/?id=379&view=overview'}",,['Molecular Biology & Synthetic Biology'],"{'overall': 23.19, '3_years': 3.7, 'overall_v2': 2277.5, '3_years_v2': 509.0}","{'national': 2377, '3_years_national': 6053, 'affiliation': 197, '3_years_affiliation': 245}","{'documents': 30, 'citations': 170, 'h-index': 7, 'i10-index': 4, 'g-index': 1, 'articles': 20, 'conferences': 9, 'others': 1, 'Q1': 8, 'Q2': 4, 'Q3': 3, 'Q4': 16, 'undefined': 2}","{'documents': 113, 'citations': 368, 'h-index': 9, 'i10-index': 9, 'g-index': 19}","{'documents': 4, 'citations': None, 'h-index': None, 'i10-index': None, 'g-index': None}","{'S0': 1, 'S1': 1, 'S2': 0, 'S3': 1, 'S4': 0, 'S5': 0, 'uncategorized': 110}",0,11,Institut Teknologi Bandung
62,Sopandi Sunarya,5067005,6032255,,SOPANDI SUNARYA,http://sinta.ristekbrin.go.id/authors/detail?id=6032255&view=overview,"{'id': '379', 'name': 'Institut Teknologi Bandung', 'url': 'http://sinta.ristekbrin.go.id/affiliations/detail/?id=379&view=overview'}",,"['Forestry', 'Forest Genetics', 'Tree Improvenet', 'Forest Tree Seed', 'Silviculture']","{'overall': 1.14, '3_years': 0.69, 'overall_v2': 100.0, '3_years_v2': 69.0}","{'national': 59653, '3_years_national': 52588, 'affiliation': 1188, '3_years_affiliation': 1011}","{'documents': 4, 'citations': 1, 'h-index': 1, 'i10-index': 0, 'g-index': 1, 'articles': 2, 'conferences': 2, 'others': 0, 'Q1': 0, 'Q2': 0, 'Q3': 2, 'Q4': 2, 'undefined': 0}","{'documents': 4, 'citations': 1, 'h-index': 1, 'i10-index': 0, 'g-index': 0}","{'documents': 0, 'citations': None, 'h-index': None, 'i10-index': None, 'g-index': None}","{'S0': 0, 'S1': 0, 'S2': 0, 'S3': 0, 'S4': 0, 'S5': 0, 'uncategorized': 4}",0,0,Institut Teknologi Bandung
63,Sri Harjati Suhardi,0003036410,6035461,46202,SRI HARJATI SUHARDI,http://sinta.ristekbrin.go.id/authors/detail?id=6035461&view=overview,"{'id': '379', 'name': 'Institut Teknologi Bandung', 'url': 'http://sinta.ristekbrin.go.id/affiliations/detail/?id=379&view=overview'}",,"['Environmental Microbiology', 'Bioremediation', 'Fungal Biotechnology', 'Mycoremediation', 'Laccase']","{'overall': 6.26, '3_years': 0.39, 'overall_v2': 502.5, '3_years_v2': 55.0}","{'national': 16218, '3_years_national': 61303, 'affiliation': 735, '3_years_affiliation': 1070}","{'documents': 4, 'citations': 49, 'h-index': 3, 'i10-index': 3, 'g-index': 1, 'articles': 4, 'conferences': 0, 'others': 0, 'Q1': 2, 'Q2': 0, 'Q3': 0, 'Q4': 1, 'undefined': 1}","{'documents': 38, 'citations': 181, 'h-index': 8, 'i10-index': 6, 'g-index': 1}","{'documents': 1, 'citations': None, 'h-index': None, 'i10-index': None, 'g-index': None}","{'S0': 0, 'S1': 1, 'S2': 0, 'S3': 0, 'S4': 0, 'S5': 0, 'uncategorized': 36}",0,2,Institut Teknologi Bandung
64,Susana Paulina Dewi,422097101,6032402,,SUSANA PAULINA DEWI,http://sinta.ristekbrin.go.id/authors/detail?id=6032402&view=overview,"{'id': '379', 'name': 'Institut Teknologi Bandung', 'url': 'http://sinta.ristekbrin.go.id/affiliations/detail/?id=379&view=overview'}",Biologi,"['Forest tree seed', 'Forestry']","{'overall': 1.33, '3_years': 0.84, 'overall_v2': 122.0, '3_years_v2': 120.0}","{'national': 52472, '3_years_national': 33747, 'affiliation': 1144, '3_years_affiliation': 817}","{'documents': 3, 'citations': 2, 'h-index': 1, 'i10-index': 0, 'g-index': 2, 'articles': 3, 'conferences': 0, 'others': 0, 'Q1': 0, 'Q2': 2, 'Q3': 0, 'Q4': 0, 'undefined': 1}","{'documents': 6, 'citations': 6, 'h-index': 2, 'i10-index': 0, 'g-index': 0}","{'documents': 0, 'citations': None, 'h-index': None, 'i10-index': None, 'g-index': None}","{'S0': 0, 'S1': 0, 'S2': 0, 'S3': 0, 'S4': 0, 'S5': 0, 'uncategorized': 6}",0,0,Institut Teknologi Bandung
65,Sutrisno,4106210,6036370,,SUTRISNO,http://sinta.ristekbrin.go.id/authors/detail?id=6036370&view=overview,"{'id': '379', 'name': 'Institut Teknologi Bandung', 'url': 'http://sinta.ristekbrin.go.id/affiliations/detail/?id=379&view=overview'}",Forestry Engineering,['Nanoteknologi & bio-based nanomaterials'],"{'overall': 6.14, '3_years': 3.22, 'overall_v2': 558.5, '3_years_v2': 365.0}","{'national': 14387, '3_years_national': 9802, 'affiliation': 694, '3_years_affiliation': 362}","{'documents': 15, 'citations': 29, 'h-index': 3, 'i10-index': 0, 'g-index': 1, 'articles': 10, 'conferences': 4, 'others': 1, 'Q1': 0, 'Q2': 3, 'Q3': 5, 'Q4': 6, 'undefined': 1}","{'documents': 25, 'citations': 27, 'h-index': 4, 'i10-index': 0, 'g-index': 1}","{'documents': 0, 'citations': None, 'h-index': None, 'i10-index': None, 'g-index': None}","{'S0': 0, 'S1': 0, 'S2': 0, 'S3': 0, 'S4': 0, 'S5': 0, 'uncategorized': 25}",0,0,Institut Teknologi Bandung
66,Tati Karliati,11016905,6033797,,TATI KARLIATI,http://sinta.ristekbrin.go.id/authors/detail?id=6033797&view=overview,"{'id': '379', 'name': 'Institut Teknologi Bandung', 'url': 'http://sinta.ristekbrin.go.id/affiliations/detail/?id=379&view=overview'}",,['Wood adhesive and Biocomposite'],"{'overall': 5.68, '3_years': 2.05, 'overall_v2': 510.5, '3_years_v2': 345.0}","{'national': 15971, '3_years_national': 10579, 'affiliation': 729, '3_years_affiliation': 383}","{'documents': 11, 'citations': 26, 'h-index': 4, 'i10-index': 0, 'g-index': 1, 'articles': 9, 'conferences': 0, 'others': 2, 'Q1': 2, 'Q2': 3, 'Q3': 2, 'Q4': 1, 'undefined': 3}","{'documents': 32, 'citations': 66, 'h-index': 5, 'i10-index': 2, 'g-index': 1}","{'documents': 1, 'citations': None, 'h-index': None, 'i10-index': None, 'g-index': None}","{'S0': 0, 'S1': 0, 'S2': 0, 'S3': 0, 'S4': 0, 'S5': 0, 'uncategorized': 32}",0,0,Institut Teknologi Bandung
67,Tien Lastini,15057111,6042986,,TIEN LASTINI,http://sinta.ristekbrin.go.id/authors/detail?id=6042986&view=overview,"{'id': '379', 'name': 'Institut Teknologi Bandung', 'url': 'http://sinta.ristekbrin.go.id/affiliations/detail/?id=379&view=overview'}",,['Forestry'],"{'overall': 4.0, '3_years': 2.12, 'overall_v2': 455.0, '3_years_v2': 388.0}","{'national': 18319, '3_years_national': 9050, 'affiliation': 775, '3_years_affiliation': 337}","{'documents': 10, 'citations': 8, 'h-index': 2, 'i10-index': 0, 'g-index': 1, 'articles': 6, 'conferences': 4, 'others': 0, 'Q1': 0, 'Q2': 1, 'Q3': 3, 'Q4': 6, 'undefined': 0}","{'documents': 29, 'citations': 68, 'h-index': 5, 'i10-index': 1, 'g-index': 0}","{'documents': 0, 'citations': None, 'h-index': None, 'i10-index': None, 'g-index': None}","{'S0': 3, 'S1': 1, 'S2': 1, 'S3': 0, 'S4': 0, 'S5': 0, 'uncategorized': 24}",0,0,Institut Teknologi Bandung
68,Tjandra Anggraeni,2106101,6016910,46001,TJANDRA ANGGRAENI,http://sinta.ristekbrin.go.id/authors/detail?id=6016910&view=overview,"{'id': '379', 'name': 'Institut Teknologi Bandung', 'url': 'http://sinta.ristekbrin.go.id/affiliations/detail/?id=379&view=overview'}",School of Biological Sciences,['Entomology'],"{'overall': 12.54, '3_years': 1.02, 'overall_v2': 1142.0, '3_years_v2': 126.5}","{'national': 6171, '3_years_national': 32052, 'affiliation': 430, '3_years_affiliation': 793}","{'documents': 16, 'citations': 96, 'h-index': 4, 'i10-index': 3, 'g-index': 1, 'articles': 9, 'conferences': 7, 'others': 0, 'Q1': 3, 'Q2': 2, 'Q3': 2, 'Q4': 9, 'undefined': 1}","{'documents': 88, 'citations': 212, 'h-index': 7, 'i10-index': 6, 'g-index': 15}","{'documents': 1, 'citations': None, 'h-index': None, 'i10-index': None, 'g-index': None}","{'S0': 0, 'S1': 0, 'S2': 0, 'S3': 0, 'S4': 0, 'S5': 0, 'uncategorized': 88}",0,2,Institut Teknologi Bandung
69,Totik Sri Mariani,11036602,6036321,46101,TOTIK SRI MARIANI,http://sinta.ristekbrin.go.id/authors/detail?id=6036321&view=overview,"{'id': '379', 'name': 'Institut Teknologi Bandung', 'url': 'http://sinta.ristekbrin.go.id/affiliations/detail/?id=379&view=overview'}",,['Sains dan Bioteknologi Tumbuhan'],"{'overall': 1.11, '3_years': 0.0, 'overall_v2': 66.5, '3_years_v2': 0.0}","{'national': 75300, '3_years_national': 147675, 'affiliation': 1285, '3_years_affiliation': 1438}","{'documents': 1, 'citations': 0, 'h-index': 0, 'i10-index': 0, 'g-index': 1, 'articles': 1, 'conferences': 0, 'others': 0, 'Q1': 0, 'Q2': 0, 'Q3': 0, 'Q4': 1, 'undefined': 0}","{'documents': 30, 'citations': 61, 'h-index': 4, 'i10-index': 2, 'g-index': 1}","{'documents': 0, 'citations': None, 'h-index': None, 'i10-index': None, 'g-index': None}","{'S0': 0, 'S1': 0, 'S2': 0, 'S3': 0, 'S4': 0, 'S5': 0, 'uncategorized': 30}",0,2,Institut Teknologi Bandung
70,Trimurti Hesti Wardini,15036102,6043001,46201,TRIMURTI HESTI WARDINI,http://sinta.ristekbrin.go.id/authors/detail?id=6043001&view=overview,"{'id': '379', 'name': 'Institut Teknologi Bandung', 'url': 'http://sinta.ristekbrin.go.id/affiliations/detail/?id=379&view=overview'}",,['Sains dan Bioteknologi Tumbuhan'],"{'overall': 3.73, '3_years': 0.0, 'overall_v2': 325.5, '3_years_v2': 0.0}","{'national': 24620, '3_years_national': 144411, 'affiliation': 890, '3_years_affiliation': 1382}","{'documents': 3, 'citations': 44, 'h-index': 2, 'i10-index': 2, 'g-index': 1, 'articles': 2, 'conferences': 1, 'others': 0, 'Q1': 0, 'Q2': 2, 'Q3': 0, 'Q4': 1, 'undefined': 0}","{'documents': 5, 'citations': 57, 'h-index': 2, 'i10-index': 2, 'g-index': 1}","{'documents': 1, 'citations': None, 'h-index': None, 'i10-index': None, 'g-index': None}","{'S0': 0, 'S1': 0, 'S2': 0, 'S3': 0, 'S4': 0, 'S5': 0, 'uncategorized': 5}",0,0,Institut Teknologi Bandung
71,Ujang Dinar Husyari,18076806,6035394,,UJANG DINAR HUSYARI,http://sinta.ristekbrin.go.id/authors/detail?id=6035394&view=overview,"{'id': '379', 'name': 'Institut Teknologi Bandung', 'url': 'http://sinta.ristekbrin.go.id/affiliations/detail/?id=379&view=overview'}",,['Agroteknologi & Teknologi Bioproduk'],"{'overall': 0.39, '3_years': 0.39, 'overall_v2': 30.0, '3_years_v2': 30.0}","{'national': 106961, '3_years_national': 85311, 'affiliation': 1408, '3_years_affiliation': 1244}","{'documents': 1, 'citations': 0, 'h-index': 0, 'i10-index': 0, 'g-index': 1, 'articles': 1, 'conferences': 0, 'others': 0, 'Q1': 0, 'Q2': 0, 'Q3': 0, 'Q4': 0, 'undefined': 1}","{'documents': 2, 'citations': 0, 'h-index': 0, 'i10-index': 0, 'g-index': 0}","{'documents': 0, 'citations': None, 'h-index': None, 'i10-index': None, 'g-index': None}","{'S0': 0, 'S1': 0, 'S2': 0, 'S3': 0, 'S4': 0, 'S5': 0, 'uncategorized': 2}",0,0,Institut Teknologi Bandung
72,Wawan Gunawan,0407047505,6665397,,WAWAN GUNAWAN,http://sinta.ristekbrin.go.id/authors/detail?id=6665397&view=overview,"{'id': '379', 'name': 'Institut Teknologi Bandung', 'url': 'http://sinta.ristekbrin.go.id/affiliations/detail/?id=379&view=overview'}",Sekolah Ilmu dan Teknologi Hayati,"['decision making', 'policy analysis', 'strategic planning']","{'overall': 1.6, '3_years': 0.01, 'overall_v2': 181.5, '3_years_v2': 97.0}","{'national': 39580, '3_years_national': 40450, 'affiliation': 1043, '3_years_affiliation': 895}","{'documents': 3, 'citations': 0, 'h-index': 0, 'i10-index': 0, 'g-index': 0, 'articles': 1, 'conferences': 2, 'others': 0, 'Q1': 0, 'Q2': 0, 'Q3': 0, 'Q4': 2, 'undefined': 1}","{'documents': 79, 'citations': 111, 'h-index': 5, 'i10-index': 2, 'g-index': 0}","{'documents': 0, 'citations': None, 'h-index': None, 'i10-index': None, 'g-index': None}","{'S0': 0, 'S1': 0, 'S2': 2, 'S3': 1, 'S4': 0, 'S5': 1, 'uncategorized': 75}",0,0,Institut Teknologi Bandung
73,Yayat Hidayat,12046802,20238,,YAYAT HIDAYAT,http://sinta.ristekbrin.go.id/authors/detail?id=20238&view=overview,"{'id': '379', 'name': 'Institut Teknologi Bandung', 'url': 'http://sinta.ristekbrin.go.id/affiliations/detail/?id=379&view=overview'}",Rekayasa Kehutanan,['Forestry'],"{'overall': 1.81, '3_years': 0.86, 'overall_v2': 131.5, '3_years_v2': 43.0}","{'national': 49773, '3_years_national': 70311, 'affiliation': 1126, '3_years_affiliation': 1143}","{'documents': 2, 'citations': 2, 'h-index': 1, 'i10-index': 0, 'g-index': 1, 'articles': 2, 'conferences': 0, 'others': 0, 'Q1': 0, 'Q2': 1, 'Q3': 1, 'Q4': 0, 'undefined': 0}","{'documents': 14, 'citations': 97, 'h-index': 5, 'i10-index': 2, 'g-index': 10}","{'documents': 0, 'citations': None, 'h-index': None, 'i10-index': None, 'g-index': None}","{'S0': 0, 'S1': 0, 'S2': 0, 'S3': 0, 'S4': 0, 'S5': 0, 'uncategorized': 14}",0,0,Institut Teknologi Bandung
74,Yeyet Setiawati,17066708,6036269,,YEYET SETIAWATI,http://sinta.ristekbrin.go.id/authors/detail?id=6036269&view=overview,"{'id': '379', 'name': 'Institut Teknologi Bandung', 'url': 'http://sinta.ristekbrin.go.id/affiliations/detail/?id=379&view=overview'}",,[],"{'overall': 0.0, '3_years': 0.0, 'overall_v2': 0.0, '3_years_v2': 0.0}","{'national': 219543, '3_years_national': 219502, 'affiliation': 1566, '3_years_affiliation': 1566}","{'documents': 0, 'citations': 0, 'h-index': 0, 'i10-index': 0, 'g-index': 0, 'articles': 0, 'conferences': 0, 'others': 0, 'Q1': 0, 'Q2': 0, 'Q3': 0, 'Q4': 0, 'undefined': 0}","{'documents': 1, 'citations': 0, 'h-index': 0, 'i10-index': 0, 'g-index': 0}","{'documents': 0, 'citations': None, 'h-index': None, 'i10-index': None, 'g-index': None}","{'S0': 0, 'S1': 0, 'S2': 0, 'S3': 0, 'S4': 0, 'S5': 0, 'uncategorized': 1}",0,0,Institut Teknologi Bandung
75,Yooce Yustiana,7036712,6042267,,YOOCE YUSTIANA,http://sinta.ristekbrin.go.id/authors/detail?id=6042267&view=overview,"{'id': '379', 'name': 'Institut Teknologi Bandung', 'url': 'http://sinta.ristekbrin.go.id/affiliations/detail/?id=379&view=overview'}",,['Manajemen Sumber Daya Hayati'],"{'overall': 1.39, '3_years': 1.32, 'overall_v2': 119.0, '3_years_v2': 115.5}","{'national': 53440, '3_years_national': 34930, 'affiliation': 1151, '3_years_affiliation': 828}","{'documents': 4, 'citations': 0, 'h-index': 0, 'i10-index': 0, 'g-index': 1, 'articles': 2, 'conferences': 2, 'others': 0, 'Q1': 0, 'Q2': 0, 'Q3': 1, 'Q4': 3, 'undefined': 0}","{'documents': 5, 'citations': 16, 'h-index': 3, 'i10-index': 0, 'g-index': 0}","{'documents': 0, 'citations': None, 'h-index': None, 'i10-index': None, 'g-index': None}","{'S0': 0, 'S1': 0, 'S2': 0, 'S3': 0, 'S4': 0, 'S5': 0, 'uncategorized': 5}",0,0,Institut Teknologi Bandung
76,Yoyo Suhaya,21027107,6036341,,YOYO SUHAYA,http://sinta.ristekbrin.go.id/authors/detail?id=6036341&view=overview,"{'id': '379', 'name': 'Institut Teknologi Bandung', 'url': 'http://sinta.ristekbrin.go.id/affiliations/detail/?id=379&view=overview'}",,['Teknologi Kehutanan'],"{'overall': 5.2, '3_years': 1.29, 'overall_v2': 483.0, '3_years_v2': 222.0}","{'national': 17344, '3_years_national': 17940, 'affiliation': 759, '3_years_affiliation': 547}","{'documents': 10, 'citations': 18, 'h-index': 2, 'i10-index': 0, 'g-index': 1, 'articles': 8, 'conferences': 0, 'others': 2, 'Q1': 2, 'Q2': 2, 'Q3': 3, 'Q4': 1, 'undefined': 2}","{'documents': 26, 'citations': 34, 'h-index': 3, 'i10-index': 1, 'g-index': 1}","{'documents': 0, 'citations': None, 'h-index': None, 'i10-index': None, 'g-index': None}","{'S0': 0, 'S1': 0, 'S2': 0, 'S3': 0, 'S4': 0, 'S5': 0, 'uncategorized': 26}",0,0,Institut Teknologi Bandung
